"valor","vigenciadesde","vigenciahasta"
"643.42","1991-12-02T00:00:00.000","1991-12-02T00:00:00.000"
"639.22","1991-12-03T00:00:00.000","1991-12-03T00:00:00.000"
"635.7","1991-12-04T00:00:00.000","1991-12-04T00:00:00.000"
"631.51","1991-12-05T00:00:00.000","1991-12-05T00:00:00.000"
"627.16","1991-12-06T00:00:00.000","1991-12-06T00:00:00.000"
"638.06","1991-12-07T00:00:00.000","1991-12-09T00:00:00.000"
"622.92","1991-12-10T00:00:00.000","1991-12-10T00:00:00.000"
"627.46","1991-12-11T00:00:00.000","1991-12-11T00:00:00.000"
"633.09","1991-12-12T00:00:00.000","1991-12-12T00:00:00.000"
"632.35","1991-12-13T00:00:00.000","1991-12-13T00:00:00.000"
"630.91","1991-12-14T00:00:00.000","1991-12-16T00:00:00.000"
"626.23","1991-12-17T00:00:00.000","1991-12-17T00:00:00.000"
"626.52","1991-12-18T00:00:00.000","1991-12-18T00:00:00.000"
"633.35","1991-12-19T00:00:00.000","1991-12-19T00:00:00.000"
"621.71","1991-12-20T00:00:00.000","1991-12-20T00:00:00.000"
"620.62","1991-12-21T00:00:00.000","1991-12-23T00:00:00.000"
"622.95","1991-12-24T00:00:00.000","1991-12-24T00:00:00.000"
"622.95","1991-12-25T00:00:00.000","1991-12-26T00:00:00.000"
"631.63","1991-12-27T00:00:00.000","1991-12-27T00:00:00.000"
"632.37","1991-12-28T00:00:00.000","1991-12-30T00:00:00.000"
"632.37","1991-12-31T00:00:00.000","1991-12-31T00:00:00.000"
"632.37","1992-01-01T00:00:00.000","1992-01-01T00:00:00.000"
"638.61","1992-01-02T00:00:00.000","1992-01-02T00:00:00.000"
"632.58","1992-01-03T00:00:00.000","1992-01-03T00:00:00.000"
"638.07","1992-01-04T00:00:00.000","1992-01-07T00:00:00.000"
"638.17","1992-01-08T00:00:00.000","1992-01-08T00:00:00.000"
"638.61","1992-01-09T00:00:00.000","1992-01-09T00:00:00.000"
"637.86","1992-01-10T00:00:00.000","1992-01-10T00:00:00.000"
"645.04","1992-01-11T00:00:00.000","1992-01-13T00:00:00.000"
"659.74","1992-01-14T00:00:00.000","1992-01-14T00:00:00.000"
"657.49","1992-01-15T00:00:00.000","1992-01-15T00:00:00.000"
"653.45","1992-01-16T00:00:00.000","1992-01-16T00:00:00.000"
"652.91","1992-01-17T00:00:00.000","1992-01-17T00:00:00.000"
"645.35","1992-01-18T00:00:00.000","1992-01-20T00:00:00.000"
"645.97","1992-01-21T00:00:00.000","1992-01-21T00:00:00.000"
"647.04","1992-01-22T00:00:00.000","1992-01-22T00:00:00.000"
"647.01","1992-01-23T00:00:00.000","1992-01-23T00:00:00.000"
"647.01","1992-01-24T00:00:00.000","1992-01-24T00:00:00.000"
"644.83","1992-01-25T00:00:00.000","1992-01-27T00:00:00.000"
"645.53","1992-01-28T00:00:00.000","1992-01-28T00:00:00.000"
"645.2","1992-01-29T00:00:00.000","1992-01-29T00:00:00.000"
"644.04","1992-01-30T00:00:00.000","1992-01-30T00:00:00.000"
"644.27","1992-01-31T00:00:00.000","1992-01-31T00:00:00.000"
"640.52","1992-02-01T00:00:00.000","1992-02-03T00:00:00.000"
"640.52","1992-02-04T00:00:00.000","1992-02-04T00:00:00.000"
"638.01","1992-02-05T00:00:00.000","1992-02-05T00:00:00.000"
"637.65","1992-02-06T00:00:00.000","1992-02-06T00:00:00.000"
"636.9","1992-02-07T00:00:00.000","1992-02-07T00:00:00.000"
"635.34","1992-02-08T00:00:00.000","1992-02-10T00:00:00.000"
"634.74","1992-02-11T00:00:00.000","1992-02-11T00:00:00.000"
"634.59","1992-02-12T00:00:00.000","1992-02-12T00:00:00.000"
"634.67","1992-02-13T00:00:00.000","1992-02-13T00:00:00.000"
"635.6","1992-02-14T00:00:00.000","1992-02-14T00:00:00.000"
"634.74","1992-02-15T00:00:00.000","1992-02-17T00:00:00.000"
"635.66","1992-02-18T00:00:00.000","1992-02-18T00:00:00.000"
"635.21","1992-02-19T00:00:00.000","1992-02-19T00:00:00.000"
"634.93","1992-02-20T00:00:00.000","1992-02-20T00:00:00.000"
"633.31","1992-02-21T00:00:00.000","1992-02-21T00:00:00.000"
"633.03","1992-02-22T00:00:00.000","1992-02-24T00:00:00.000"
"633.55","1992-02-25T00:00:00.000","1992-02-25T00:00:00.000"
"633.74","1992-02-26T00:00:00.000","1992-02-26T00:00:00.000"
"634.06","1992-02-27T00:00:00.000","1992-02-27T00:00:00.000"
"633.91","1992-02-28T00:00:00.000","1992-02-28T00:00:00.000"
"636.54","1992-02-29T00:00:00.000","1992-03-02T00:00:00.000"
"640.95","1992-03-03T00:00:00.000","1992-03-03T00:00:00.000"
"636.05","1992-03-04T00:00:00.000","1992-03-04T00:00:00.000"
"635.86","1992-03-05T00:00:00.000","1992-03-05T00:00:00.000"
"636.73","1992-03-06T00:00:00.000","1992-03-06T00:00:00.000"
"636.22","1992-03-07T00:00:00.000","1992-03-09T00:00:00.000"
"635.88","1992-03-10T00:00:00.000","1992-03-10T00:00:00.000"
"639.78","1992-03-11T00:00:00.000","1992-03-11T00:00:00.000"
"639.38","1992-03-12T00:00:00.000","1992-03-12T00:00:00.000"
"641.29","1992-03-13T00:00:00.000","1992-03-13T00:00:00.000"
"642.0","1992-03-14T00:00:00.000","1992-03-16T00:00:00.000"
"644.13","1992-03-17T00:00:00.000","1992-03-17T00:00:00.000"
"643.83","1992-03-18T00:00:00.000","1992-03-18T00:00:00.000"
"642.59","1992-03-19T00:00:00.000","1992-03-19T00:00:00.000"
"641.53","1992-03-20T00:00:00.000","1992-03-20T00:00:00.000"
"640.37","1992-03-21T00:00:00.000","1992-03-24T00:00:00.000"
"642.0","1992-03-25T00:00:00.000","1992-03-25T00:00:00.000"
"641.81","1992-03-26T00:00:00.000","1992-03-26T00:00:00.000"
"641.22","1992-03-27T00:00:00.000","1992-03-27T00:00:00.000"
"647.24","1992-03-28T00:00:00.000","1992-03-30T00:00:00.000"
"641.59","1992-03-31T00:00:00.000","1992-03-31T00:00:00.000"
"641.98","1992-04-01T00:00:00.000","1992-04-01T00:00:00.000"
"645.14","1992-04-02T00:00:00.000","1992-04-02T00:00:00.000"
"644.77","1992-04-03T00:00:00.000","1992-04-03T00:00:00.000"
"643.11","1992-04-04T00:00:00.000","1992-04-06T00:00:00.000"
"645.73","1992-04-07T00:00:00.000","1992-04-07T00:00:00.000"
"643.98","1992-04-08T00:00:00.000","1992-04-08T00:00:00.000"
"644.61","1992-04-09T00:00:00.000","1992-04-09T00:00:00.000"
"646.5","1992-04-10T00:00:00.000","1992-04-10T00:00:00.000"
"647.28","1992-04-11T00:00:00.000","1992-04-13T00:00:00.000"
"649.48","1992-04-14T00:00:00.000","1992-04-14T00:00:00.000"
"655.66","1992-04-15T00:00:00.000","1992-04-15T00:00:00.000"
"657.97","1992-04-16T00:00:00.000","1992-04-20T00:00:00.000"
"655.32","1992-04-21T00:00:00.000","1992-04-21T00:00:00.000"
"652.57","1992-04-22T00:00:00.000","1992-04-22T00:00:00.000"
"651.48","1992-04-23T00:00:00.000","1992-04-23T00:00:00.000"
"650.24","1992-04-24T00:00:00.000","1992-04-24T00:00:00.000"
"651.36","1992-04-25T00:00:00.000","1992-04-27T00:00:00.000"
"650.31","1992-04-28T00:00:00.000","1992-04-28T00:00:00.000"
"651.95","1992-04-29T00:00:00.000","1992-04-29T00:00:00.000"
"653.83","1992-04-30T00:00:00.000","1992-04-30T00:00:00.000"
"653.58","1992-05-01T00:00:00.000","1992-05-04T00:00:00.000"
"653.1","1992-05-05T00:00:00.000","1992-05-05T00:00:00.000"
"653.7","1992-05-06T00:00:00.000","1992-05-06T00:00:00.000"
"654.74","1992-05-07T00:00:00.000","1992-05-07T00:00:00.000"
"656.4","1992-05-08T00:00:00.000","1992-05-08T00:00:00.000"
"657.91","1992-05-09T00:00:00.000","1992-05-11T00:00:00.000"
"658.52","1992-05-12T00:00:00.000","1992-05-12T00:00:00.000"
"660.57","1992-05-13T00:00:00.000","1992-05-13T00:00:00.000"
"660.88","1992-05-14T00:00:00.000","1992-05-14T00:00:00.000"
"663.43","1992-05-15T00:00:00.000","1992-05-15T00:00:00.000"
"663.58","1992-05-16T00:00:00.000","1992-05-18T00:00:00.000"
"663.75","1992-05-19T00:00:00.000","1992-05-19T00:00:00.000"
"664.5","1992-05-20T00:00:00.000","1992-05-20T00:00:00.000"
"663.1","1992-05-21T00:00:00.000","1992-05-21T00:00:00.000"
"662.6","1992-05-22T00:00:00.000","1992-05-22T00:00:00.000"
"662.11","1992-05-23T00:00:00.000","1992-05-25T00:00:00.000"
"662.15","1992-05-26T00:00:00.000","1992-05-26T00:00:00.000"
"660.46","1992-05-27T00:00:00.000","1992-05-27T00:00:00.000"
"660.16","1992-05-28T00:00:00.000","1992-05-28T00:00:00.000"
"660.99","1992-05-29T00:00:00.000","1992-05-29T00:00:00.000"
"664.37","1992-05-30T00:00:00.000","1992-06-02T00:00:00.000"
"666.11","1992-06-03T00:00:00.000","1992-06-03T00:00:00.000"
"664.3","1992-06-04T00:00:00.000","1992-06-04T00:00:00.000"
"666.47","1992-06-05T00:00:00.000","1992-06-05T00:00:00.000"
"664.36","1992-06-06T00:00:00.000","1992-06-08T00:00:00.000"
"665.91","1992-06-09T00:00:00.000","1992-06-09T00:00:00.000"
"665.92","1992-06-10T00:00:00.000","1992-06-10T00:00:00.000"
"667.96","1992-06-11T00:00:00.000","1992-06-11T00:00:00.000"
"667.52","1992-06-12T00:00:00.000","1992-06-12T00:00:00.000"
"669.55","1992-06-13T00:00:00.000","1992-06-15T00:00:00.000"
"671.36","1992-06-16T00:00:00.000","1992-06-16T00:00:00.000"
"675.76","1992-06-17T00:00:00.000","1992-06-17T00:00:00.000"
"680.17","1992-06-18T00:00:00.000","1992-06-18T00:00:00.000"
"678.25","1992-06-19T00:00:00.000","1992-06-19T00:00:00.000"
"683.37","1992-06-20T00:00:00.000","1992-06-23T00:00:00.000"
"690.08","1992-06-24T00:00:00.000","1992-06-24T00:00:00.000"
"699.09","1992-06-25T00:00:00.000","1992-06-25T00:00:00.000"
"701.83","1992-06-26T00:00:00.000","1992-06-26T00:00:00.000"
"697.57","1992-06-27T00:00:00.000","1992-06-30T00:00:00.000"
"695.36","1992-07-01T00:00:00.000","1992-07-01T00:00:00.000"
"694.43","1992-07-02T00:00:00.000","1992-07-02T00:00:00.000"
"693.71","1992-07-03T00:00:00.000","1992-07-03T00:00:00.000"
"693.4","1992-07-04T00:00:00.000","1992-07-06T00:00:00.000"
"696.12","1992-07-07T00:00:00.000","1992-07-07T00:00:00.000"
"695.65","1992-07-08T00:00:00.000","1992-07-08T00:00:00.000"
"699.01","1992-07-09T00:00:00.000","1992-07-09T00:00:00.000"
"703.74","1992-07-10T00:00:00.000","1992-07-10T00:00:00.000"
"708.72","1992-07-11T00:00:00.000","1992-07-13T00:00:00.000"
"720.47","1992-07-14T00:00:00.000","1992-07-14T00:00:00.000"
"719.15","1992-07-15T00:00:00.000","1992-07-15T00:00:00.000"
"717.45","1992-07-16T00:00:00.000","1992-07-16T00:00:00.000"
"717.7","1992-07-17T00:00:00.000","1992-07-17T00:00:00.000"
"715.11","1992-07-18T00:00:00.000","1992-07-21T00:00:00.000"
"710.91","1992-07-22T00:00:00.000","1992-07-22T00:00:00.000"
"707.96","1992-07-23T00:00:00.000","1992-07-23T00:00:00.000"
"699.73","1992-07-24T00:00:00.000","1992-07-24T00:00:00.000"
"699.68","1992-07-25T00:00:00.000","1992-07-27T00:00:00.000"
"701.66","1992-07-28T00:00:00.000","1992-07-28T00:00:00.000"
"701.89","1992-07-29T00:00:00.000","1992-07-29T00:00:00.000"
"702.02","1992-07-30T00:00:00.000","1992-07-30T00:00:00.000"
"705.14","1992-07-31T00:00:00.000","1992-07-31T00:00:00.000"
"702.52","1992-08-01T00:00:00.000","1992-08-03T00:00:00.000"
"701.82","1992-08-04T00:00:00.000","1992-08-04T00:00:00.000"
"698.84","1992-08-05T00:00:00.000","1992-08-05T00:00:00.000"
"695.32","1992-08-06T00:00:00.000","1992-08-06T00:00:00.000"
"694.25","1992-08-07T00:00:00.000","1992-08-10T00:00:00.000"
"692.72","1992-08-11T00:00:00.000","1992-08-11T00:00:00.000"
"692.25","1992-08-12T00:00:00.000","1992-08-12T00:00:00.000"
"694.28","1992-08-13T00:00:00.000","1992-08-13T00:00:00.000"
"692.51","1992-08-14T00:00:00.000","1992-08-14T00:00:00.000"
"693.25","1992-08-15T00:00:00.000","1992-08-18T00:00:00.000"
"693.69","1992-08-19T00:00:00.000","1992-08-19T00:00:00.000"
"692.48","1992-08-20T00:00:00.000","1992-08-20T00:00:00.000"
"692.56","1992-08-21T00:00:00.000","1992-08-21T00:00:00.000"
"693.94","1992-08-22T00:00:00.000","1992-08-24T00:00:00.000"
"689.56","1992-08-25T00:00:00.000","1992-08-25T00:00:00.000"
"689.21","1992-08-26T00:00:00.000","1992-08-26T00:00:00.000"
"689.45","1992-08-27T00:00:00.000","1992-08-27T00:00:00.000"
"690.3","1992-08-28T00:00:00.000","1992-08-28T00:00:00.000"
"691.68","1992-08-29T00:00:00.000","1992-08-31T00:00:00.000"
"691.9","1992-09-01T00:00:00.000","1992-09-01T00:00:00.000"
"692.89","1992-09-02T00:00:00.000","1992-09-02T00:00:00.000"
"693.02","1992-09-03T00:00:00.000","1992-09-03T00:00:00.000"
"695.62","1992-09-04T00:00:00.000","1992-09-04T00:00:00.000"
"696.77","1992-09-05T00:00:00.000","1992-09-07T00:00:00.000"
"697.69","1992-09-08T00:00:00.000","1992-09-08T00:00:00.000"
"698.28","1992-09-09T00:00:00.000","1992-09-09T00:00:00.000"
"695.38","1992-09-10T00:00:00.000","1992-09-10T00:00:00.000"
"695.54","1992-09-11T00:00:00.000","1992-09-11T00:00:00.000"
"696.39","1992-09-12T00:00:00.000","1992-09-14T00:00:00.000"
"696.29","1992-09-15T00:00:00.000","1992-09-15T00:00:00.000"
"696.84","1992-09-16T00:00:00.000","1992-09-16T00:00:00.000"
"695.7","1992-09-17T00:00:00.000","1992-09-17T00:00:00.000"
"696.66","1992-09-18T00:00:00.000","1992-09-18T00:00:00.000"
"696.42","1992-09-19T00:00:00.000","1992-09-21T00:00:00.000"
"699.16","1992-09-22T00:00:00.000","1992-09-22T00:00:00.000"
"697.77","1992-09-23T00:00:00.000","1992-09-23T00:00:00.000"
"698.4","1992-09-24T00:00:00.000","1992-09-24T00:00:00.000"
"697.01","1992-09-25T00:00:00.000","1992-09-25T00:00:00.000"
"704.8","1992-09-26T00:00:00.000","1992-09-28T00:00:00.000"
"701.0","1992-09-29T00:00:00.000","1992-09-29T00:00:00.000"
"702.81","1992-09-30T00:00:00.000","1992-09-30T00:00:00.000"
"699.7","1992-10-01T00:00:00.000","1992-10-01T00:00:00.000"
"703.08","1992-10-02T00:00:00.000","1992-10-02T00:00:00.000"
"710.22","1992-10-03T00:00:00.000","1992-10-05T00:00:00.000"
"704.52","1992-10-06T00:00:00.000","1992-10-06T00:00:00.000"
"703.66","1992-10-07T00:00:00.000","1992-10-07T00:00:00.000"
"702.71","1992-10-08T00:00:00.000","1992-10-08T00:00:00.000"
"704.06","1992-10-09T00:00:00.000","1992-10-09T00:00:00.000"
"701.88","1992-10-10T00:00:00.000","1992-10-13T00:00:00.000"
"702.48","1992-10-14T00:00:00.000","1992-10-14T00:00:00.000"
"705.52","1992-10-15T00:00:00.000","1992-10-15T00:00:00.000"
"708.21","1992-10-16T00:00:00.000","1992-10-16T00:00:00.000"
"707.13","1992-10-17T00:00:00.000","1992-10-19T00:00:00.000"
"707.35","1992-10-20T00:00:00.000","1992-10-20T00:00:00.000"
"706.06","1992-10-21T00:00:00.000","1992-10-21T00:00:00.000"
"709.22","1992-10-22T00:00:00.000","1992-10-22T00:00:00.000"
"710.19","1992-10-23T00:00:00.000","1992-10-23T00:00:00.000"
"712.04","1992-10-24T00:00:00.000","1992-10-26T00:00:00.000"
"713.55","1992-10-27T00:00:00.000","1992-10-27T00:00:00.000"
"716.39","1992-10-28T00:00:00.000","1992-10-28T00:00:00.000"
"715.31","1992-10-29T00:00:00.000","1992-10-29T00:00:00.000"
"717.37","1992-10-30T00:00:00.000","1992-10-30T00:00:00.000"
"716.88","1992-10-31T00:00:00.000","1992-11-03T00:00:00.000"
"718.98","1992-11-04T00:00:00.000","1992-11-04T00:00:00.000"
"719.21","1992-11-05T00:00:00.000","1992-11-05T00:00:00.000"
"720.96","1992-11-06T00:00:00.000","1992-11-06T00:00:00.000"
"722.57","1992-11-07T00:00:00.000","1992-11-09T00:00:00.000"
"720.48","1992-11-10T00:00:00.000","1992-11-10T00:00:00.000"
"722.37","1992-11-11T00:00:00.000","1992-11-11T00:00:00.000"
"723.72","1992-11-12T00:00:00.000","1992-11-12T00:00:00.000"
"722.72","1992-11-13T00:00:00.000","1992-11-13T00:00:00.000"
"724.07","1992-11-14T00:00:00.000","1992-11-17T00:00:00.000"
"730.11","1992-11-18T00:00:00.000","1992-11-18T00:00:00.000"
"724.97","1992-11-19T00:00:00.000","1992-11-19T00:00:00.000"
"724.9","1992-11-20T00:00:00.000","1992-11-20T00:00:00.000"
"721.98","1992-11-21T00:00:00.000","1992-11-23T00:00:00.000"
"726.97","1992-11-24T00:00:00.000","1992-11-24T00:00:00.000"
"720.63","1992-11-25T00:00:00.000","1992-11-25T00:00:00.000"
"721.47","1992-11-26T00:00:00.000","1992-11-26T00:00:00.000"
"722.61","1992-11-27T00:00:00.000","1992-11-27T00:00:00.000"
"725.45","1992-11-28T00:00:00.000","1992-11-30T00:00:00.000"
"729.42","1992-12-01T00:00:00.000","1992-12-01T00:00:00.000"
"725.75","1992-12-02T00:00:00.000","1992-12-02T00:00:00.000"
"729.74","1992-12-03T00:00:00.000","1992-12-03T00:00:00.000"
"738.19","1992-12-04T00:00:00.000","1992-12-04T00:00:00.000"
"736.29","1992-12-05T00:00:00.000","1992-12-07T00:00:00.000"
"732.11","1992-12-08T00:00:00.000","1992-12-09T00:00:00.000"
"732.4","1992-12-10T00:00:00.000","1992-12-10T00:00:00.000"
"727.21","1992-12-11T00:00:00.000","1992-12-11T00:00:00.000"
"729.8","1992-12-12T00:00:00.000","1992-12-14T00:00:00.000"
"732.69","1992-12-15T00:00:00.000","1992-12-15T00:00:00.000"
"736.2","1992-12-16T00:00:00.000","1992-12-16T00:00:00.000"
"734.98","1992-12-17T00:00:00.000","1992-12-17T00:00:00.000"
"732.54","1992-12-18T00:00:00.000","1992-12-18T00:00:00.000"
"735.31","1992-12-19T00:00:00.000","1992-12-21T00:00:00.000"
"736.82","1992-12-22T00:00:00.000","1992-12-22T00:00:00.000"
"735.0","1992-12-23T00:00:00.000","1992-12-23T00:00:00.000"
"735.19","1992-12-24T00:00:00.000","1992-12-24T00:00:00.000"
"735.19","1992-12-25T00:00:00.000","1992-12-28T00:00:00.000"
"737.44","1992-12-29T00:00:00.000","1992-12-29T00:00:00.000"
"737.98","1992-12-30T00:00:00.000","1992-12-30T00:00:00.000"
"737.98","1992-12-31T00:00:00.000","1992-12-31T00:00:00.000"
"737.98","1993-01-01T00:00:00.000","1993-01-04T00:00:00.000"
"737.55","1993-01-05T00:00:00.000","1993-01-05T00:00:00.000"
"738.65","1993-01-06T00:00:00.000","1993-01-06T00:00:00.000"
"740.08","1993-01-07T00:00:00.000","1993-01-07T00:00:00.000"
"742.61","1993-01-08T00:00:00.000","1993-01-08T00:00:00.000"
"746.63","1993-01-09T00:00:00.000","1993-01-12T00:00:00.000"
"749.63","1993-01-13T00:00:00.000","1993-01-13T00:00:00.000"
"748.98","1993-01-14T00:00:00.000","1993-01-14T00:00:00.000"
"746.71","1993-01-15T00:00:00.000","1993-01-15T00:00:00.000"
"746.39","1993-01-16T00:00:00.000","1993-01-18T00:00:00.000"
"747.2","1993-01-19T00:00:00.000","1993-01-19T00:00:00.000"
"748.07","1993-01-20T00:00:00.000","1993-01-20T00:00:00.000"
"750.06","1993-01-21T00:00:00.000","1993-01-21T00:00:00.000"
"750.0","1993-01-22T00:00:00.000","1993-01-22T00:00:00.000"
"748.56","1993-01-23T00:00:00.000","1993-01-25T00:00:00.000"
"747.25","1993-01-26T00:00:00.000","1993-01-26T00:00:00.000"
"747.13","1993-01-27T00:00:00.000","1993-01-27T00:00:00.000"
"746.21","1993-01-28T00:00:00.000","1993-01-28T00:00:00.000"
"745.14","1993-01-29T00:00:00.000","1993-01-29T00:00:00.000"
"746.05","1993-01-30T00:00:00.000","1993-02-01T00:00:00.000"
"745.27","1993-02-02T00:00:00.000","1993-02-02T00:00:00.000"
"745.64","1993-02-03T00:00:00.000","1993-02-03T00:00:00.000"
"745.73","1993-02-04T00:00:00.000","1993-02-04T00:00:00.000"
"745.79","1993-02-05T00:00:00.000","1993-02-05T00:00:00.000"
"746.56","1993-02-06T00:00:00.000","1993-02-08T00:00:00.000"
"745.45","1993-02-09T00:00:00.000","1993-02-09T00:00:00.000"
"745.49","1993-02-10T00:00:00.000","1993-02-10T00:00:00.000"
"745.38","1993-02-11T00:00:00.000","1993-02-11T00:00:00.000"
"748.22","1993-02-12T00:00:00.000","1993-02-12T00:00:00.000"
"748.88","1993-02-13T00:00:00.000","1993-02-15T00:00:00.000"
"748.18","1993-02-16T00:00:00.000","1993-02-16T00:00:00.000"
"749.69","1993-02-17T00:00:00.000","1993-02-17T00:00:00.000"
"750.75","1993-02-18T00:00:00.000","1993-02-18T00:00:00.000"
"752.47","1993-02-19T00:00:00.000","1993-02-19T00:00:00.000"
"751.96","1993-02-20T00:00:00.000","1993-02-22T00:00:00.000"
"752.52","1993-02-23T00:00:00.000","1993-02-23T00:00:00.000"
"753.33","1993-02-24T00:00:00.000","1993-02-24T00:00:00.000"
"755.07","1993-02-25T00:00:00.000","1993-02-25T00:00:00.000"
"759.2","1993-02-26T00:00:00.000","1993-02-26T00:00:00.000"
"758.03","1993-02-27T00:00:00.000","1993-03-01T00:00:00.000"
"757.89","1993-03-02T00:00:00.000","1993-03-02T00:00:00.000"
"760.71","1993-03-03T00:00:00.000","1993-03-03T00:00:00.000"
"762.68","1993-03-04T00:00:00.000","1993-03-04T00:00:00.000"
"762.04","1993-03-05T00:00:00.000","1993-03-05T00:00:00.000"
"762.2","1993-03-06T00:00:00.000","1993-03-08T00:00:00.000"
"763.38","1993-03-09T00:00:00.000","1993-03-09T00:00:00.000"
"763.9","1993-03-10T00:00:00.000","1993-03-10T00:00:00.000"
"764.74","1993-03-11T00:00:00.000","1993-03-11T00:00:00.000"
"765.19","1993-03-12T00:00:00.000","1993-03-12T00:00:00.000"
"764.79","1993-03-13T00:00:00.000","1993-03-15T00:00:00.000"
"764.29","1993-03-16T00:00:00.000","1993-03-16T00:00:00.000"
"765.06","1993-03-17T00:00:00.000","1993-03-17T00:00:00.000"
"766.12","1993-03-18T00:00:00.000","1993-03-18T00:00:00.000"
"766.42","1993-03-19T00:00:00.000","1993-03-19T00:00:00.000"
"766.84","1993-03-20T00:00:00.000","1993-03-23T00:00:00.000"
"766.63","1993-03-24T00:00:00.000","1993-03-24T00:00:00.000"
"766.91","1993-03-25T00:00:00.000","1993-03-25T00:00:00.000"
"767.99","1993-03-26T00:00:00.000","1993-03-26T00:00:00.000"
"767.4","1993-03-27T00:00:00.000","1993-03-29T00:00:00.000"
"766.79","1993-03-30T00:00:00.000","1993-03-30T00:00:00.000"
"766.41","1993-03-31T00:00:00.000","1993-03-31T00:00:00.000"
"766.44","1993-04-01T00:00:00.000","1993-04-01T00:00:00.000"
"767.98","1993-04-02T00:00:00.000","1993-04-02T00:00:00.000"
"768.46","1993-04-03T00:00:00.000","1993-04-05T00:00:00.000"
"768.31","1993-04-06T00:00:00.000","1993-04-06T00:00:00.000"
"768.52","1993-04-07T00:00:00.000","1993-04-07T00:00:00.000"
"768.6","1993-04-08T00:00:00.000","1993-04-12T00:00:00.000"
"769.34","1993-04-13T00:00:00.000","1993-04-13T00:00:00.000"
"769.8","1993-04-14T00:00:00.000","1993-04-14T00:00:00.000"
"771.56","1993-04-15T00:00:00.000","1993-04-15T00:00:00.000"
"772.71","1993-04-16T00:00:00.000","1993-04-16T00:00:00.000"
"773.22","1993-04-17T00:00:00.000","1993-04-19T00:00:00.000"
"773.7","1993-04-20T00:00:00.000","1993-04-20T00:00:00.000"
"773.97","1993-04-21T00:00:00.000","1993-04-21T00:00:00.000"
"774.34","1993-04-22T00:00:00.000","1993-04-22T00:00:00.000"
"775.05","1993-04-23T00:00:00.000","1993-04-23T00:00:00.000"
"775.32","1993-04-24T00:00:00.000","1993-04-26T00:00:00.000"
"775.2","1993-04-27T00:00:00.000","1993-04-27T00:00:00.000"
"774.52","1993-04-28T00:00:00.000","1993-04-28T00:00:00.000"
"773.78","1993-04-29T00:00:00.000","1993-04-29T00:00:00.000"
"774.94","1993-04-30T00:00:00.000","1993-04-30T00:00:00.000"
"773.82","1993-05-01T00:00:00.000","1993-05-03T00:00:00.000"
"775.53","1993-05-04T00:00:00.000","1993-05-04T00:00:00.000"
"776.99","1993-05-05T00:00:00.000","1993-05-05T00:00:00.000"
"777.88","1993-05-06T00:00:00.000","1993-05-06T00:00:00.000"
"778.17","1993-05-07T00:00:00.000","1993-05-07T00:00:00.000"
"777.17","1993-05-08T00:00:00.000","1993-05-10T00:00:00.000"
"777.75","1993-05-11T00:00:00.000","1993-05-11T00:00:00.000"
"779.41","1993-05-12T00:00:00.000","1993-05-12T00:00:00.000"
"780.49","1993-05-13T00:00:00.000","1993-05-13T00:00:00.000"
"780.8","1993-05-14T00:00:00.000","1993-05-14T00:00:00.000"
"780.79","1993-05-15T00:00:00.000","1993-05-17T00:00:00.000"
"781.42","1993-05-18T00:00:00.000","1993-05-18T00:00:00.000"
"781.8","1993-05-19T00:00:00.000","1993-05-19T00:00:00.000"
"781.84","1993-05-20T00:00:00.000","1993-05-20T00:00:00.000"
"781.94","1993-05-21T00:00:00.000","1993-05-21T00:00:00.000"
"782.0","1993-05-22T00:00:00.000","1993-05-25T00:00:00.000"
"783.15","1993-05-26T00:00:00.000","1993-05-26T00:00:00.000"
"782.85","1993-05-27T00:00:00.000","1993-05-27T00:00:00.000"
"780.78","1993-05-28T00:00:00.000","1993-05-28T00:00:00.000"
"779.56","1993-05-29T00:00:00.000","1993-05-31T00:00:00.000"
"779.0","1993-06-01T00:00:00.000","1993-06-01T00:00:00.000"
"779.01","1993-06-02T00:00:00.000","1993-06-02T00:00:00.000"
"777.82","1993-06-03T00:00:00.000","1993-06-03T00:00:00.000"
"778.12","1993-06-04T00:00:00.000","1993-06-04T00:00:00.000"
"780.6","1993-06-05T00:00:00.000","1993-06-07T00:00:00.000"
"782.29","1993-06-08T00:00:00.000","1993-06-08T00:00:00.000"
"784.62","1993-06-09T00:00:00.000","1993-06-09T00:00:00.000"
"784.95","1993-06-10T00:00:00.000","1993-06-10T00:00:00.000"
"785.79","1993-06-11T00:00:00.000","1993-06-11T00:00:00.000"
"784.8","1993-06-12T00:00:00.000","1993-06-15T00:00:00.000"
"785.9","1993-06-16T00:00:00.000","1993-06-16T00:00:00.000"
"786.64","1993-06-17T00:00:00.000","1993-06-17T00:00:00.000"
"787.49","1993-06-18T00:00:00.000","1993-06-18T00:00:00.000"
"786.77","1993-06-19T00:00:00.000","1993-06-22T00:00:00.000"
"787.06","1993-06-23T00:00:00.000","1993-06-23T00:00:00.000"
"786.42","1993-06-24T00:00:00.000","1993-06-24T00:00:00.000"
"786.72","1993-06-25T00:00:00.000","1993-06-25T00:00:00.000"
"786.96","1993-06-26T00:00:00.000","1993-06-28T00:00:00.000"
"786.8","1993-06-29T00:00:00.000","1993-06-29T00:00:00.000"
"787.12","1993-06-30T00:00:00.000","1993-06-30T00:00:00.000"
"786.1","1993-07-01T00:00:00.000","1993-07-01T00:00:00.000"
"787.51","1993-07-02T00:00:00.000","1993-07-02T00:00:00.000"
"788.65","1993-07-03T00:00:00.000","1993-07-06T00:00:00.000"
"789.47","1993-07-07T00:00:00.000","1993-07-07T00:00:00.000"
"790.58","1993-07-08T00:00:00.000","1993-07-08T00:00:00.000"
"791.73","1993-07-09T00:00:00.000","1993-07-09T00:00:00.000"
"793.18","1993-07-10T00:00:00.000","1993-07-12T00:00:00.000"
"794.67","1993-07-13T00:00:00.000","1993-07-13T00:00:00.000"
"795.66","1993-07-14T00:00:00.000","1993-07-14T00:00:00.000"
"797.0","1993-07-15T00:00:00.000","1993-07-15T00:00:00.000"
"797.06","1993-07-16T00:00:00.000","1993-07-16T00:00:00.000"
"797.31","1993-07-17T00:00:00.000","1993-07-19T00:00:00.000"
"797.41","1993-07-20T00:00:00.000","1993-07-21T00:00:00.000"
"797.63","1993-07-22T00:00:00.000","1993-07-22T00:00:00.000"
"798.17","1993-07-23T00:00:00.000","1993-07-23T00:00:00.000"
"798.83","1993-07-24T00:00:00.000","1993-07-26T00:00:00.000"
"799.17","1993-07-27T00:00:00.000","1993-07-27T00:00:00.000"
"799.96","1993-07-28T00:00:00.000","1993-07-28T00:00:00.000"
"800.42","1993-07-29T00:00:00.000","1993-07-29T00:00:00.000"
"801.04","1993-07-30T00:00:00.000","1993-07-30T00:00:00.000"
"801.35","1993-07-31T00:00:00.000","1993-08-02T00:00:00.000"
"801.15","1993-08-03T00:00:00.000","1993-08-03T00:00:00.000"
"801.86","1993-08-04T00:00:00.000","1993-08-04T00:00:00.000"
"801.82","1993-08-05T00:00:00.000","1993-08-05T00:00:00.000"
"801.86","1993-08-06T00:00:00.000","1993-08-06T00:00:00.000"
"801.78","1993-08-07T00:00:00.000","1993-08-09T00:00:00.000"
"802.3","1993-08-10T00:00:00.000","1993-08-10T00:00:00.000"
"803.22","1993-08-11T00:00:00.000","1993-08-11T00:00:00.000"
"804.48","1993-08-12T00:00:00.000","1993-08-12T00:00:00.000"
"804.93","1993-08-13T00:00:00.000","1993-08-13T00:00:00.000"
"804.51","1993-08-14T00:00:00.000","1993-08-17T00:00:00.000"
"804.76","1993-08-18T00:00:00.000","1993-08-18T00:00:00.000"
"805.62","1993-08-19T00:00:00.000","1993-08-19T00:00:00.000"
"806.15","1993-08-20T00:00:00.000","1993-08-20T00:00:00.000"
"806.72","1993-08-21T00:00:00.000","1993-08-23T00:00:00.000"
"807.04","1993-08-24T00:00:00.000","1993-08-24T00:00:00.000"
"807.57","1993-08-25T00:00:00.000","1993-08-25T00:00:00.000"
"807.77","1993-08-26T00:00:00.000","1993-08-26T00:00:00.000"
"807.55","1993-08-27T00:00:00.000","1993-08-27T00:00:00.000"
"807.53","1993-08-28T00:00:00.000","1993-08-30T00:00:00.000"
"806.86","1993-08-31T00:00:00.000","1993-08-31T00:00:00.000"
"806.83","1993-09-01T00:00:00.000","1993-09-01T00:00:00.000"
"808.04","1993-09-02T00:00:00.000","1993-09-02T00:00:00.000"
"807.96","1993-09-03T00:00:00.000","1993-09-03T00:00:00.000"
"807.68","1993-09-04T00:00:00.000","1993-09-06T00:00:00.000"
"807.62","1993-09-07T00:00:00.000","1993-09-07T00:00:00.000"
"808.24","1993-09-08T00:00:00.000","1993-09-08T00:00:00.000"
"809.33","1993-09-09T00:00:00.000","1993-09-09T00:00:00.000"
"810.25","1993-09-10T00:00:00.000","1993-09-10T00:00:00.000"
"810.03","1993-09-11T00:00:00.000","1993-09-13T00:00:00.000"
"810.09","1993-09-14T00:00:00.000","1993-09-14T00:00:00.000"
"810.81","1993-09-15T00:00:00.000","1993-09-15T00:00:00.000"
"811.75","1993-09-16T00:00:00.000","1993-09-16T00:00:00.000"
"811.93","1993-09-17T00:00:00.000","1993-09-17T00:00:00.000"
"811.18","1993-09-18T00:00:00.000","1993-09-20T00:00:00.000"
"810.88","1993-09-21T00:00:00.000","1993-09-21T00:00:00.000"
"809.75","1993-09-22T00:00:00.000","1993-09-22T00:00:00.000"
"810.04","1993-09-23T00:00:00.000","1993-09-23T00:00:00.000"
"810.55","1993-09-24T00:00:00.000","1993-09-24T00:00:00.000"
"809.93","1993-09-25T00:00:00.000","1993-09-27T00:00:00.000"
"809.55","1993-09-28T00:00:00.000","1993-09-28T00:00:00.000"
"809.69","1993-09-29T00:00:00.000","1993-09-29T00:00:00.000"
"810.84","1993-09-30T00:00:00.000","1993-09-30T00:00:00.000"
"811.31","1993-10-01T00:00:00.000","1993-10-01T00:00:00.000"
"812.29","1993-10-02T00:00:00.000","1993-10-04T00:00:00.000"
"812.27","1993-10-05T00:00:00.000","1993-10-05T00:00:00.000"
"812.75","1993-10-06T00:00:00.000","1993-10-06T00:00:00.000"
"812.54","1993-10-07T00:00:00.000","1993-10-07T00:00:00.000"
"811.91","1993-10-08T00:00:00.000","1993-10-08T00:00:00.000"
"811.28","1993-10-09T00:00:00.000","1993-10-11T00:00:00.000"
"811.19","1993-10-12T00:00:00.000","1993-10-12T00:00:00.000"
"811.47","1993-10-13T00:00:00.000","1993-10-13T00:00:00.000"
"811.46","1993-10-14T00:00:00.000","1993-10-14T00:00:00.000"
"812.41","1993-10-15T00:00:00.000","1993-10-15T00:00:00.000"
"813.28","1993-10-16T00:00:00.000","1993-10-19T00:00:00.000"
"813.79","1993-10-20T00:00:00.000","1993-10-20T00:00:00.000"
"816.41","1993-10-21T00:00:00.000","1993-10-21T00:00:00.000"
"819.26","1993-10-22T00:00:00.000","1993-10-22T00:00:00.000"
"819.41","1993-10-23T00:00:00.000","1993-10-25T00:00:00.000"
"819.44","1993-10-26T00:00:00.000","1993-10-26T00:00:00.000"
"819.55","1993-10-27T00:00:00.000","1993-10-27T00:00:00.000"
"818.98","1993-10-28T00:00:00.000","1993-10-28T00:00:00.000"
"818.06","1993-10-29T00:00:00.000","1993-10-29T00:00:00.000"
"817.03","1993-10-30T00:00:00.000","1993-11-02T00:00:00.000"
"816.7","1993-11-03T00:00:00.000","1993-11-03T00:00:00.000"
"817.01","1993-11-04T00:00:00.000","1993-11-04T00:00:00.000"
"816.79","1993-11-05T00:00:00.000","1993-11-05T00:00:00.000"
"815.7","1993-11-06T00:00:00.000","1993-11-08T00:00:00.000"
"814.26","1993-11-09T00:00:00.000","1993-11-09T00:00:00.000"
"813.95","1993-11-10T00:00:00.000","1993-11-10T00:00:00.000"
"811.07","1993-11-11T00:00:00.000","1993-11-11T00:00:00.000"
"809.87","1993-11-12T00:00:00.000","1993-11-12T00:00:00.000"
"809.95","1993-11-13T00:00:00.000","1993-11-16T00:00:00.000"
"815.18","1993-11-17T00:00:00.000","1993-11-17T00:00:00.000"
"816.32","1993-11-18T00:00:00.000","1993-11-18T00:00:00.000"
"816.62","1993-11-19T00:00:00.000","1993-11-19T00:00:00.000"
"817.06","1993-11-20T00:00:00.000","1993-11-22T00:00:00.000"
"814.48","1993-11-23T00:00:00.000","1993-11-23T00:00:00.000"
"812.12","1993-11-24T00:00:00.000","1993-11-24T00:00:00.000"
"811.67","1993-11-25T00:00:00.000","1993-11-25T00:00:00.000"
"812.04","1993-11-26T00:00:00.000","1993-11-26T00:00:00.000"
"812.11","1993-11-27T00:00:00.000","1993-11-29T00:00:00.000"
"811.73","1993-11-30T00:00:00.000","1993-11-30T00:00:00.000"
"812.21","1993-12-01T00:00:00.000","1993-12-01T00:00:00.000"
"811.78","1993-12-02T00:00:00.000","1993-12-02T00:00:00.000"
"809.63","1993-12-03T00:00:00.000","1993-12-03T00:00:00.000"
"806.49","1993-12-04T00:00:00.000","1993-12-06T00:00:00.000"
"803.1","1993-12-07T00:00:00.000","1993-12-07T00:00:00.000"
"800.6","1993-12-08T00:00:00.000","1993-12-09T00:00:00.000"
"798.51","1993-12-10T00:00:00.000","1993-12-10T00:00:00.000"
"797.53","1993-12-11T00:00:00.000","1993-12-13T00:00:00.000"
"798.2","1993-12-14T00:00:00.000","1993-12-14T00:00:00.000"
"798.12","1993-12-15T00:00:00.000","1993-12-15T00:00:00.000"
"799.43","1993-12-16T00:00:00.000","1993-12-16T00:00:00.000"
"804.89","1993-12-17T00:00:00.000","1993-12-17T00:00:00.000"
"806.5","1993-12-18T00:00:00.000","1993-12-20T00:00:00.000"
"803.81","1993-12-21T00:00:00.000","1993-12-21T00:00:00.000"
"802.46","1993-12-22T00:00:00.000","1993-12-22T00:00:00.000"
"801.4","1993-12-23T00:00:00.000","1993-12-23T00:00:00.000"
"801.69","1993-12-24T00:00:00.000","1993-12-24T00:00:00.000"
"801.69","1993-12-25T00:00:00.000","1993-12-27T00:00:00.000"
"809.13","1993-12-28T00:00:00.000","1993-12-28T00:00:00.000"
"802.33","1993-12-29T00:00:00.000","1993-12-29T00:00:00.000"
"802.71","1993-12-30T00:00:00.000","1993-12-30T00:00:00.000"
"804.33","1993-12-31T00:00:00.000","1993-12-31T00:00:00.000"
"804.33","1994-01-01T00:00:00.000","1994-01-03T00:00:00.000"
"805.91","1994-01-04T00:00:00.000","1994-01-04T00:00:00.000"
"810.01","1994-01-05T00:00:00.000","1994-01-05T00:00:00.000"
"814.21","1994-01-06T00:00:00.000","1994-01-06T00:00:00.000"
"818.83","1994-01-07T00:00:00.000","1994-01-07T00:00:00.000"
"818.89","1994-01-08T00:00:00.000","1994-01-11T00:00:00.000"
"818.5","1994-01-12T00:00:00.000","1994-01-12T00:00:00.000"
"819.81","1994-01-13T00:00:00.000","1994-01-13T00:00:00.000"
"820.1","1994-01-14T00:00:00.000","1994-01-14T00:00:00.000"
"815.81","1994-01-15T00:00:00.000","1994-01-17T00:00:00.000"
"816.91","1994-01-18T00:00:00.000","1994-01-18T00:00:00.000"
"816.15","1994-01-19T00:00:00.000","1994-01-19T00:00:00.000"
"814.56","1994-01-20T00:00:00.000","1994-01-20T00:00:00.000"
"815.91","1994-01-21T00:00:00.000","1994-01-21T00:00:00.000"
"815.65","1994-01-22T00:00:00.000","1994-01-24T00:00:00.000"
"816.69","1994-01-25T00:00:00.000","1994-01-25T00:00:00.000"
"819.1","1994-01-26T00:00:00.000","1994-01-26T00:00:00.000"
"821.52","1994-01-27T00:00:00.000","1994-01-27T00:00:00.000"
"821.72","1994-01-28T00:00:00.000","1994-01-28T00:00:00.000"
"818.38","1994-01-29T00:00:00.000","1994-01-31T00:00:00.000"
"817.0","1994-02-01T00:00:00.000","1994-02-01T00:00:00.000"
"819.27","1994-02-02T00:00:00.000","1994-02-02T00:00:00.000"
"817.96","1994-02-03T00:00:00.000","1994-02-03T00:00:00.000"
"817.69","1994-02-04T00:00:00.000","1994-02-04T00:00:00.000"
"818.0","1994-02-05T00:00:00.000","1994-02-07T00:00:00.000"
"817.64","1994-02-08T00:00:00.000","1994-02-08T00:00:00.000"
"817.81","1994-02-09T00:00:00.000","1994-02-09T00:00:00.000"
"817.88","1994-02-10T00:00:00.000","1994-02-10T00:00:00.000"
"817.88","1994-02-11T00:00:00.000","1994-02-11T00:00:00.000"
"817.78","1994-02-12T00:00:00.000","1994-02-14T00:00:00.000"
"817.59","1994-02-15T00:00:00.000","1994-02-15T00:00:00.000"
"816.92","1994-02-16T00:00:00.000","1994-02-16T00:00:00.000"
"816.1","1994-02-17T00:00:00.000","1994-02-17T00:00:00.000"
"815.19","1994-02-18T00:00:00.000","1994-02-18T00:00:00.000"
"814.13","1994-02-19T00:00:00.000","1994-02-21T00:00:00.000"
"816.04","1994-02-22T00:00:00.000","1994-02-22T00:00:00.000"
"818.33","1994-02-23T00:00:00.000","1994-02-23T00:00:00.000"
"820.76","1994-02-24T00:00:00.000","1994-02-24T00:00:00.000"
"819.68","1994-02-25T00:00:00.000","1994-02-25T00:00:00.000"
"819.7","1994-02-26T00:00:00.000","1994-02-28T00:00:00.000"
"820.12","1994-03-01T00:00:00.000","1994-03-01T00:00:00.000"
"819.83","1994-03-02T00:00:00.000","1994-03-02T00:00:00.000"
"819.61","1994-03-03T00:00:00.000","1994-03-03T00:00:00.000"
"818.7","1994-03-04T00:00:00.000","1994-03-04T00:00:00.000"
"817.86","1994-03-05T00:00:00.000","1994-03-07T00:00:00.000"
"817.76","1994-03-08T00:00:00.000","1994-03-08T00:00:00.000"
"818.02","1994-03-09T00:00:00.000","1994-03-09T00:00:00.000"
"818.37","1994-03-10T00:00:00.000","1994-03-10T00:00:00.000"
"818.46","1994-03-11T00:00:00.000","1994-03-11T00:00:00.000"
"818.62","1994-03-12T00:00:00.000","1994-03-14T00:00:00.000"
"818.69","1994-03-15T00:00:00.000","1994-03-15T00:00:00.000"
"818.49","1994-03-16T00:00:00.000","1994-03-16T00:00:00.000"
"820.44","1994-03-17T00:00:00.000","1994-03-17T00:00:00.000"
"820.91","1994-03-18T00:00:00.000","1994-03-18T00:00:00.000"
"821.34","1994-03-19T00:00:00.000","1994-03-22T00:00:00.000"
"821.73","1994-03-23T00:00:00.000","1994-03-23T00:00:00.000"
"821.82","1994-03-24T00:00:00.000","1994-03-24T00:00:00.000"
"821.7","1994-03-25T00:00:00.000","1994-03-25T00:00:00.000"
"821.14","1994-03-26T00:00:00.000","1994-03-28T00:00:00.000"
"820.63","1994-03-29T00:00:00.000","1994-03-29T00:00:00.000"
"820.78","1994-03-30T00:00:00.000","1994-03-30T00:00:00.000"
"819.51","1994-03-31T00:00:00.000","1994-04-04T00:00:00.000"
"820.21","1994-04-05T00:00:00.000","1994-04-05T00:00:00.000"
"820.93","1994-04-06T00:00:00.000","1994-04-06T00:00:00.000"
"822.57","1994-04-07T00:00:00.000","1994-04-07T00:00:00.000"
"825.28","1994-04-08T00:00:00.000","1994-04-08T00:00:00.000"
"828.92","1994-04-09T00:00:00.000","1994-04-11T00:00:00.000"
"829.32","1994-04-12T00:00:00.000","1994-04-12T00:00:00.000"
"828.81","1994-04-13T00:00:00.000","1994-04-13T00:00:00.000"
"827.96","1994-04-14T00:00:00.000","1994-04-14T00:00:00.000"
"827.44","1994-04-15T00:00:00.000","1994-04-15T00:00:00.000"
"827.93","1994-04-16T00:00:00.000","1994-04-18T00:00:00.000"
"829.47","1994-04-19T00:00:00.000","1994-04-19T00:00:00.000"
"831.24","1994-04-20T00:00:00.000","1994-04-20T00:00:00.000"
"834.3","1994-04-21T00:00:00.000","1994-04-21T00:00:00.000"
"838.25","1994-04-22T00:00:00.000","1994-04-22T00:00:00.000"
"836.96","1994-04-23T00:00:00.000","1994-04-25T00:00:00.000"
"835.4","1994-04-26T00:00:00.000","1994-04-26T00:00:00.000"
"837.31","1994-04-27T00:00:00.000","1994-04-27T00:00:00.000"
"838.28","1994-04-28T00:00:00.000","1994-04-28T00:00:00.000"
"837.27","1994-04-29T00:00:00.000","1994-04-29T00:00:00.000"
"836.86","1994-04-30T00:00:00.000","1994-05-02T00:00:00.000"
"838.04","1994-05-03T00:00:00.000","1994-05-03T00:00:00.000"
"839.14","1994-05-04T00:00:00.000","1994-05-04T00:00:00.000"
"841.0","1994-05-05T00:00:00.000","1994-05-05T00:00:00.000"
"841.25","1994-05-06T00:00:00.000","1994-05-06T00:00:00.000"
"841.7","1994-05-07T00:00:00.000","1994-05-09T00:00:00.000"
"841.27","1994-05-10T00:00:00.000","1994-05-10T00:00:00.000"
"841.33","1994-05-11T00:00:00.000","1994-05-11T00:00:00.000"
"841.92","1994-05-12T00:00:00.000","1994-05-12T00:00:00.000"
"843.24","1994-05-13T00:00:00.000","1994-05-13T00:00:00.000"
"842.23","1994-05-14T00:00:00.000","1994-05-17T00:00:00.000"
"842.21","1994-05-18T00:00:00.000","1994-05-18T00:00:00.000"
"842.83","1994-05-19T00:00:00.000","1994-05-19T00:00:00.000"
"842.64","1994-05-20T00:00:00.000","1994-05-20T00:00:00.000"
"842.33","1994-05-21T00:00:00.000","1994-05-23T00:00:00.000"
"842.92","1994-05-24T00:00:00.000","1994-05-24T00:00:00.000"
"843.08","1994-05-25T00:00:00.000","1994-05-25T00:00:00.000"
"842.22","1994-05-26T00:00:00.000","1994-05-26T00:00:00.000"
"841.86","1994-05-27T00:00:00.000","1994-05-27T00:00:00.000"
"840.93","1994-05-28T00:00:00.000","1994-05-30T00:00:00.000"
"841.12","1994-05-31T00:00:00.000","1994-05-31T00:00:00.000"
"841.93","1994-06-01T00:00:00.000","1994-06-01T00:00:00.000"
"842.0","1994-06-02T00:00:00.000","1994-06-02T00:00:00.000"
"841.44","1994-06-03T00:00:00.000","1994-06-03T00:00:00.000"
"840.37","1994-06-04T00:00:00.000","1994-06-07T00:00:00.000"
"839.56","1994-06-08T00:00:00.000","1994-06-08T00:00:00.000"
"838.03","1994-06-09T00:00:00.000","1994-06-09T00:00:00.000"
"834.96","1994-06-10T00:00:00.000","1994-06-10T00:00:00.000"
"833.19","1994-06-11T00:00:00.000","1994-06-14T00:00:00.000"
"833.16","1994-06-15T00:00:00.000","1994-06-15T00:00:00.000"
"833.35","1994-06-16T00:00:00.000","1994-06-16T00:00:00.000"
"831.28","1994-06-17T00:00:00.000","1994-06-17T00:00:00.000"
"826.61","1994-06-18T00:00:00.000","1994-06-20T00:00:00.000"
"828.94","1994-06-21T00:00:00.000","1994-06-21T00:00:00.000"
"826.9","1994-06-22T00:00:00.000","1994-06-22T00:00:00.000"
"824.76","1994-06-23T00:00:00.000","1994-06-23T00:00:00.000"
"822.87","1994-06-24T00:00:00.000","1994-06-24T00:00:00.000"
"821.0","1994-06-25T00:00:00.000","1994-06-27T00:00:00.000"
"820.13","1994-06-28T00:00:00.000","1994-06-28T00:00:00.000"
"818.73","1994-06-29T00:00:00.000","1994-06-29T00:00:00.000"
"819.64","1994-06-30T00:00:00.000","1994-06-30T00:00:00.000"
"818.05","1994-07-01T00:00:00.000","1994-07-01T00:00:00.000"
"817.92","1994-07-02T00:00:00.000","1994-07-05T00:00:00.000"
"818.45","1994-07-06T00:00:00.000","1994-07-06T00:00:00.000"
"820.42","1994-07-07T00:00:00.000","1994-07-07T00:00:00.000"
"820.24","1994-07-08T00:00:00.000","1994-07-08T00:00:00.000"
"822.34","1994-07-09T00:00:00.000","1994-07-11T00:00:00.000"
"822.14","1994-07-12T00:00:00.000","1994-07-12T00:00:00.000"
"823.12","1994-07-13T00:00:00.000","1994-07-13T00:00:00.000"
"822.79","1994-07-14T00:00:00.000","1994-07-14T00:00:00.000"
"822.28","1994-07-15T00:00:00.000","1994-07-15T00:00:00.000"
"821.04","1994-07-16T00:00:00.000","1994-07-18T00:00:00.000"
"818.44","1994-07-19T00:00:00.000","1994-07-19T00:00:00.000"
"817.49","1994-07-20T00:00:00.000","1994-07-21T00:00:00.000"
"817.18","1994-07-22T00:00:00.000","1994-07-22T00:00:00.000"
"816.68","1994-07-23T00:00:00.000","1994-07-25T00:00:00.000"
"816.34","1994-07-26T00:00:00.000","1994-07-26T00:00:00.000"
"815.75","1994-07-27T00:00:00.000","1994-07-27T00:00:00.000"
"815.8","1994-07-28T00:00:00.000","1994-07-28T00:00:00.000"
"815.62","1994-07-29T00:00:00.000","1994-07-29T00:00:00.000"
"815.62","1994-07-30T00:00:00.000","1994-08-01T00:00:00.000"
"815.89","1994-08-02T00:00:00.000","1994-08-02T00:00:00.000"
"814.53","1994-08-03T00:00:00.000","1994-08-03T00:00:00.000"
"812.69","1994-08-04T00:00:00.000","1994-08-04T00:00:00.000"
"812.57","1994-08-05T00:00:00.000","1994-08-05T00:00:00.000"
"811.91","1994-08-06T00:00:00.000","1994-08-08T00:00:00.000"
"812.39","1994-08-09T00:00:00.000","1994-08-09T00:00:00.000"
"813.64","1994-08-10T00:00:00.000","1994-08-10T00:00:00.000"
"815.4","1994-08-11T00:00:00.000","1994-08-11T00:00:00.000"
"815.84","1994-08-12T00:00:00.000","1994-08-12T00:00:00.000"
"814.94","1994-08-13T00:00:00.000","1994-08-16T00:00:00.000"
"814.4","1994-08-17T00:00:00.000","1994-08-17T00:00:00.000"
"813.93","1994-08-18T00:00:00.000","1994-08-18T00:00:00.000"
"813.88","1994-08-19T00:00:00.000","1994-08-19T00:00:00.000"
"813.76","1994-08-20T00:00:00.000","1994-08-22T00:00:00.000"
"815.2","1994-08-23T00:00:00.000","1994-08-23T00:00:00.000"
"816.58","1994-08-24T00:00:00.000","1994-08-24T00:00:00.000"
"816.77","1994-08-25T00:00:00.000","1994-08-25T00:00:00.000"
"817.4","1994-08-26T00:00:00.000","1994-08-26T00:00:00.000"
"816.29","1994-08-27T00:00:00.000","1994-08-29T00:00:00.000"
"816.18","1994-08-30T00:00:00.000","1994-08-30T00:00:00.000"
"816.3","1994-08-31T00:00:00.000","1994-08-31T00:00:00.000"
"816.08","1994-09-01T00:00:00.000","1994-09-01T00:00:00.000"
"817.64","1994-09-02T00:00:00.000","1994-09-02T00:00:00.000"
"818.81","1994-09-03T00:00:00.000","1994-09-05T00:00:00.000"
"817.8","1994-09-06T00:00:00.000","1994-09-06T00:00:00.000"
"818.21","1994-09-07T00:00:00.000","1994-09-07T00:00:00.000"
"819.24","1994-09-08T00:00:00.000","1994-09-08T00:00:00.000"
"820.02","1994-09-09T00:00:00.000","1994-09-09T00:00:00.000"
"820.26","1994-09-10T00:00:00.000","1994-09-12T00:00:00.000"
"821.62","1994-09-13T00:00:00.000","1994-09-13T00:00:00.000"
"824.34","1994-09-14T00:00:00.000","1994-09-14T00:00:00.000"
"827.86","1994-09-15T00:00:00.000","1994-09-15T00:00:00.000"
"833.1","1994-09-16T00:00:00.000","1994-09-16T00:00:00.000"
"837.21","1994-09-17T00:00:00.000","1994-09-19T00:00:00.000"
"838.63","1994-09-20T00:00:00.000","1994-09-20T00:00:00.000"
"841.82","1994-09-21T00:00:00.000","1994-09-21T00:00:00.000"
"842.7","1994-09-22T00:00:00.000","1994-09-22T00:00:00.000"
"841.53","1994-09-23T00:00:00.000","1994-09-23T00:00:00.000"
"839.46","1994-09-24T00:00:00.000","1994-09-26T00:00:00.000"
"840.23","1994-09-27T00:00:00.000","1994-09-27T00:00:00.000"
"841.51","1994-09-28T00:00:00.000","1994-09-28T00:00:00.000"
"841.32","1994-09-29T00:00:00.000","1994-09-29T00:00:00.000"
"842.0","1994-09-30T00:00:00.000","1994-09-30T00:00:00.000"
"843.0","1994-10-01T00:00:00.000","1994-10-03T00:00:00.000"
"843.65","1994-10-04T00:00:00.000","1994-10-04T00:00:00.000"
"844.4","1994-10-05T00:00:00.000","1994-10-05T00:00:00.000"
"842.54","1994-10-06T00:00:00.000","1994-10-06T00:00:00.000"
"840.06","1994-10-07T00:00:00.000","1994-10-07T00:00:00.000"
"836.8","1994-10-08T00:00:00.000","1994-10-10T00:00:00.000"
"835.59","1994-10-11T00:00:00.000","1994-10-11T00:00:00.000"
"835.38","1994-10-12T00:00:00.000","1994-10-12T00:00:00.000"
"836.4","1994-10-13T00:00:00.000","1994-10-13T00:00:00.000"
"836.01","1994-10-14T00:00:00.000","1994-10-14T00:00:00.000"
"834.83","1994-10-15T00:00:00.000","1994-10-18T00:00:00.000"
"835.33","1994-10-19T00:00:00.000","1994-10-19T00:00:00.000"
"836.72","1994-10-20T00:00:00.000","1994-10-20T00:00:00.000"
"838.32","1994-10-21T00:00:00.000","1994-10-21T00:00:00.000"
"841.41","1994-10-22T00:00:00.000","1994-10-24T00:00:00.000"
"842.6","1994-10-25T00:00:00.000","1994-10-25T00:00:00.000"
"843.48","1994-10-26T00:00:00.000","1994-10-26T00:00:00.000"
"841.32","1994-10-27T00:00:00.000","1994-10-27T00:00:00.000"
"840.05","1994-10-28T00:00:00.000","1994-10-28T00:00:00.000"
"838.55","1994-10-29T00:00:00.000","1994-10-31T00:00:00.000"
"837.62","1994-11-01T00:00:00.000","1994-11-01T00:00:00.000"
"837.79","1994-11-02T00:00:00.000","1994-11-02T00:00:00.000"
"836.18","1994-11-03T00:00:00.000","1994-11-03T00:00:00.000"
"833.19","1994-11-04T00:00:00.000","1994-11-04T00:00:00.000"
"831.25","1994-11-05T00:00:00.000","1994-11-08T00:00:00.000"
"829.09","1994-11-09T00:00:00.000","1994-11-09T00:00:00.000"
"826.84","1994-11-10T00:00:00.000","1994-11-10T00:00:00.000"
"825.17","1994-11-11T00:00:00.000","1994-11-11T00:00:00.000"
"825.87","1994-11-12T00:00:00.000","1994-11-15T00:00:00.000"
"826.45","1994-11-16T00:00:00.000","1994-11-16T00:00:00.000"
"828.74","1994-11-17T00:00:00.000","1994-11-17T00:00:00.000"
"830.49","1994-11-18T00:00:00.000","1994-11-18T00:00:00.000"
"828.46","1994-11-19T00:00:00.000","1994-11-21T00:00:00.000"
"829.08","1994-11-22T00:00:00.000","1994-11-22T00:00:00.000"
"830.74","1994-11-23T00:00:00.000","1994-11-23T00:00:00.000"
"828.67","1994-11-24T00:00:00.000","1994-11-24T00:00:00.000"
"828.76","1994-11-25T00:00:00.000","1994-11-25T00:00:00.000"
"828.42","1994-11-26T00:00:00.000","1994-11-28T00:00:00.000"
"828.66","1994-11-29T00:00:00.000","1994-11-29T00:00:00.000"
"829.03","1994-11-30T00:00:00.000","1994-11-30T00:00:00.000"
"829.29","1994-12-01T00:00:00.000","1994-12-01T00:00:00.000"
"829.56","1994-12-02T00:00:00.000","1994-12-02T00:00:00.000"
"830.0","1994-12-03T00:00:00.000","1994-12-05T00:00:00.000"
"830.37","1994-12-06T00:00:00.000","1994-12-06T00:00:00.000"
"830.85","1994-12-07T00:00:00.000","1994-12-07T00:00:00.000"
"831.1","1994-12-08T00:00:00.000","1994-12-09T00:00:00.000"
"831.49","1994-12-10T00:00:00.000","1994-12-12T00:00:00.000"
"831.91","1994-12-13T00:00:00.000","1994-12-13T00:00:00.000"
"824.68","1994-12-14T00:00:00.000","1994-12-14T00:00:00.000"
"825.0","1994-12-15T00:00:00.000","1994-12-15T00:00:00.000"
"827.6","1994-12-16T00:00:00.000","1994-12-16T00:00:00.000"
"829.72","1994-12-17T00:00:00.000","1994-12-19T00:00:00.000"
"831.06","1994-12-20T00:00:00.000","1994-12-20T00:00:00.000"
"830.16","1994-12-21T00:00:00.000","1994-12-21T00:00:00.000"
"827.95","1994-12-22T00:00:00.000","1994-12-22T00:00:00.000"
"827.7","1994-12-23T00:00:00.000","1994-12-23T00:00:00.000"
"826.47","1994-12-24T00:00:00.000","1994-12-26T00:00:00.000"
"827.33","1994-12-27T00:00:00.000","1994-12-27T00:00:00.000"
"829.95","1994-12-28T00:00:00.000","1994-12-28T00:00:00.000"
"831.6","1994-12-29T00:00:00.000","1994-12-29T00:00:00.000"
"831.27","1994-12-30T00:00:00.000","1994-12-30T00:00:00.000"
"831.27","1994-12-31T00:00:00.000","1995-01-02T00:00:00.000"
"833.18","1995-01-03T00:00:00.000","1995-01-03T00:00:00.000"
"835.38","1995-01-04T00:00:00.000","1995-01-04T00:00:00.000"
"838.33","1995-01-05T00:00:00.000","1995-01-05T00:00:00.000"
"838.87","1995-01-06T00:00:00.000","1995-01-06T00:00:00.000"
"837.07","1995-01-07T00:00:00.000","1995-01-09T00:00:00.000"
"837.07","1995-01-10T00:00:00.000","1995-01-10T00:00:00.000"
"840.36","1995-01-11T00:00:00.000","1995-01-11T00:00:00.000"
"843.69","1995-01-12T00:00:00.000","1995-01-12T00:00:00.000"
"841.52","1995-01-13T00:00:00.000","1995-01-13T00:00:00.000"
"843.7","1995-01-14T00:00:00.000","1995-01-16T00:00:00.000"
"846.61","1995-01-17T00:00:00.000","1995-01-17T00:00:00.000"
"847.61","1995-01-18T00:00:00.000","1995-01-18T00:00:00.000"
"850.26","1995-01-19T00:00:00.000","1995-01-19T00:00:00.000"
"852.68","1995-01-20T00:00:00.000","1995-01-20T00:00:00.000"
"855.54","1995-01-21T00:00:00.000","1995-01-23T00:00:00.000"
"855.49","1995-01-24T00:00:00.000","1995-01-24T00:00:00.000"
"856.65","1995-01-25T00:00:00.000","1995-01-25T00:00:00.000"
"857.56","1995-01-26T00:00:00.000","1995-01-26T00:00:00.000"
"859.3","1995-01-27T00:00:00.000","1995-01-27T00:00:00.000"
"857.83","1995-01-28T00:00:00.000","1995-01-30T00:00:00.000"
"856.41","1995-01-31T00:00:00.000","1995-01-31T00:00:00.000"
"857.16","1995-02-01T00:00:00.000","1995-02-01T00:00:00.000"
"855.76","1995-02-02T00:00:00.000","1995-02-02T00:00:00.000"
"852.22","1995-02-03T00:00:00.000","1995-02-03T00:00:00.000"
"848.82","1995-02-04T00:00:00.000","1995-02-06T00:00:00.000"
"848.27","1995-02-07T00:00:00.000","1995-02-07T00:00:00.000"
"848.43","1995-02-08T00:00:00.000","1995-02-08T00:00:00.000"
"847.04","1995-02-09T00:00:00.000","1995-02-09T00:00:00.000"
"845.73","1995-02-10T00:00:00.000","1995-02-10T00:00:00.000"
"845.37","1995-02-11T00:00:00.000","1995-02-13T00:00:00.000"
"846.2","1995-02-14T00:00:00.000","1995-02-14T00:00:00.000"
"848.15","1995-02-15T00:00:00.000","1995-02-15T00:00:00.000"
"848.52","1995-02-16T00:00:00.000","1995-02-16T00:00:00.000"
"848.9","1995-02-17T00:00:00.000","1995-02-17T00:00:00.000"
"849.41","1995-02-18T00:00:00.000","1995-02-20T00:00:00.000"
"851.88","1995-02-21T00:00:00.000","1995-02-21T00:00:00.000"
"853.63","1995-02-22T00:00:00.000","1995-02-22T00:00:00.000"
"855.32","1995-02-23T00:00:00.000","1995-02-23T00:00:00.000"
"855.48","1995-02-24T00:00:00.000","1995-02-24T00:00:00.000"
"854.71","1995-02-25T00:00:00.000","1995-02-27T00:00:00.000"
"856.99","1995-02-28T00:00:00.000","1995-02-28T00:00:00.000"
"857.85","1995-03-01T00:00:00.000","1995-03-01T00:00:00.000"
"858.87","1995-03-02T00:00:00.000","1995-03-02T00:00:00.000"
"861.33","1995-03-03T00:00:00.000","1995-03-03T00:00:00.000"
"859.65","1995-03-04T00:00:00.000","1995-03-06T00:00:00.000"
"858.95","1995-03-07T00:00:00.000","1995-03-07T00:00:00.000"
"861.13","1995-03-08T00:00:00.000","1995-03-08T00:00:00.000"
"862.41","1995-03-09T00:00:00.000","1995-03-09T00:00:00.000"
"863.06","1995-03-10T00:00:00.000","1995-03-10T00:00:00.000"
"865.36","1995-03-11T00:00:00.000","1995-03-13T00:00:00.000"
"865.92","1995-03-14T00:00:00.000","1995-03-14T00:00:00.000"
"866.96","1995-03-15T00:00:00.000","1995-03-15T00:00:00.000"
"866.4","1995-03-16T00:00:00.000","1995-03-16T00:00:00.000"
"865.63","1995-03-17T00:00:00.000","1995-03-17T00:00:00.000"
"863.77","1995-03-18T00:00:00.000","1995-03-20T00:00:00.000"
"863.77","1995-03-21T00:00:00.000","1995-03-21T00:00:00.000"
"865.89","1995-03-22T00:00:00.000","1995-03-22T00:00:00.000"
"867.81","1995-03-23T00:00:00.000","1995-03-23T00:00:00.000"
"868.95","1995-03-24T00:00:00.000","1995-03-24T00:00:00.000"
"869.22","1995-03-25T00:00:00.000","1995-03-27T00:00:00.000"
"870.14","1995-03-28T00:00:00.000","1995-03-28T00:00:00.000"
"872.57","1995-03-29T00:00:00.000","1995-03-29T00:00:00.000"
"876.21","1995-03-30T00:00:00.000","1995-03-30T00:00:00.000"
"880.23","1995-03-31T00:00:00.000","1995-03-31T00:00:00.000"
"878.18","1995-04-01T00:00:00.000","1995-04-03T00:00:00.000"
"876.0","1995-04-04T00:00:00.000","1995-04-04T00:00:00.000"
"874.3","1995-04-05T00:00:00.000","1995-04-05T00:00:00.000"
"871.6","1995-04-06T00:00:00.000","1995-04-06T00:00:00.000"
"868.96","1995-04-07T00:00:00.000","1995-04-07T00:00:00.000"
"869.15","1995-04-08T00:00:00.000","1995-04-10T00:00:00.000"
"866.78","1995-04-11T00:00:00.000","1995-04-11T00:00:00.000"
"868.8","1995-04-12T00:00:00.000","1995-04-12T00:00:00.000"
"866.25","1995-04-13T00:00:00.000","1995-04-13T00:00:00.000"
"866.25","1995-04-14T00:00:00.000","1995-04-14T00:00:00.000"
"866.25","1995-04-15T00:00:00.000","1995-04-17T00:00:00.000"
"871.87","1995-04-18T00:00:00.000","1995-04-18T00:00:00.000"
"874.37","1995-04-19T00:00:00.000","1995-04-19T00:00:00.000"
"874.35","1995-04-20T00:00:00.000","1995-04-20T00:00:00.000"
"877.38","1995-04-21T00:00:00.000","1995-04-21T00:00:00.000"
"876.55","1995-04-22T00:00:00.000","1995-04-24T00:00:00.000"
"878.2","1995-04-25T00:00:00.000","1995-04-25T00:00:00.000"
"876.32","1995-04-26T00:00:00.000","1995-04-26T00:00:00.000"
"875.78","1995-04-27T00:00:00.000","1995-04-27T00:00:00.000"
"876.21","1995-04-28T00:00:00.000","1995-04-28T00:00:00.000"
"877.9","1995-04-29T00:00:00.000","1995-05-01T00:00:00.000"
"877.9","1995-05-02T00:00:00.000","1995-05-02T00:00:00.000"
"880.63","1995-05-03T00:00:00.000","1995-05-03T00:00:00.000"
"882.97","1995-05-04T00:00:00.000","1995-05-04T00:00:00.000"
"882.24","1995-05-05T00:00:00.000","1995-05-05T00:00:00.000"
"881.07","1995-05-06T00:00:00.000","1995-05-08T00:00:00.000"
"881.33","1995-05-09T00:00:00.000","1995-05-09T00:00:00.000"
"878.87","1995-05-10T00:00:00.000","1995-05-10T00:00:00.000"
"880.25","1995-05-11T00:00:00.000","1995-05-11T00:00:00.000"
"881.07","1995-05-12T00:00:00.000","1995-05-12T00:00:00.000"
"879.35","1995-05-13T00:00:00.000","1995-05-15T00:00:00.000"
"877.45","1995-05-16T00:00:00.000","1995-05-16T00:00:00.000"
"875.17","1995-05-17T00:00:00.000","1995-05-17T00:00:00.000"
"874.74","1995-05-18T00:00:00.000","1995-05-18T00:00:00.000"
"875.75","1995-05-19T00:00:00.000","1995-05-19T00:00:00.000"
"873.52","1995-05-20T00:00:00.000","1995-05-22T00:00:00.000"
"871.11","1995-05-23T00:00:00.000","1995-05-23T00:00:00.000"
"869.95","1995-05-24T00:00:00.000","1995-05-24T00:00:00.000"
"870.55","1995-05-25T00:00:00.000","1995-05-25T00:00:00.000"
"872.96","1995-05-26T00:00:00.000","1995-05-26T00:00:00.000"
"872.66","1995-05-27T00:00:00.000","1995-05-29T00:00:00.000"
"872.66","1995-05-30T00:00:00.000","1995-05-30T00:00:00.000"
"876.36","1995-05-31T00:00:00.000","1995-05-31T00:00:00.000"
"876.62","1995-06-01T00:00:00.000","1995-06-01T00:00:00.000"
"877.22","1995-06-02T00:00:00.000","1995-06-02T00:00:00.000"
"875.99","1995-06-03T00:00:00.000","1995-06-05T00:00:00.000"
"874.81","1995-06-06T00:00:00.000","1995-06-06T00:00:00.000"
"873.06","1995-06-07T00:00:00.000","1995-06-07T00:00:00.000"
"871.02","1995-06-08T00:00:00.000","1995-06-08T00:00:00.000"
"871.93","1995-06-09T00:00:00.000","1995-06-09T00:00:00.000"
"871.94","1995-06-10T00:00:00.000","1995-06-12T00:00:00.000"
"873.74","1995-06-13T00:00:00.000","1995-06-13T00:00:00.000"
"875.28","1995-06-14T00:00:00.000","1995-06-14T00:00:00.000"
"873.78","1995-06-15T00:00:00.000","1995-06-15T00:00:00.000"
"872.54","1995-06-16T00:00:00.000","1995-06-16T00:00:00.000"
"873.91","1995-06-17T00:00:00.000","1995-06-19T00:00:00.000"
"873.91","1995-06-20T00:00:00.000","1995-06-20T00:00:00.000"
"875.59","1995-06-21T00:00:00.000","1995-06-21T00:00:00.000"
"875.32","1995-06-22T00:00:00.000","1995-06-22T00:00:00.000"
"874.81","1995-06-23T00:00:00.000","1995-06-23T00:00:00.000"
"873.64","1995-06-24T00:00:00.000","1995-06-26T00:00:00.000"
"873.64","1995-06-27T00:00:00.000","1995-06-27T00:00:00.000"
"875.95","1995-06-28T00:00:00.000","1995-06-28T00:00:00.000"
"878.8","1995-06-29T00:00:00.000","1995-06-29T00:00:00.000"
"881.23","1995-06-30T00:00:00.000","1995-06-30T00:00:00.000"
"880.49","1995-07-01T00:00:00.000","1995-07-03T00:00:00.000"
"880.49","1995-07-04T00:00:00.000","1995-07-04T00:00:00.000"
"883.81","1995-07-05T00:00:00.000","1995-07-05T00:00:00.000"
"887.3","1995-07-06T00:00:00.000","1995-07-06T00:00:00.000"
"891.28","1995-07-07T00:00:00.000","1995-07-07T00:00:00.000"
"891.44","1995-07-08T00:00:00.000","1995-07-10T00:00:00.000"
"897.12","1995-07-11T00:00:00.000","1995-07-11T00:00:00.000"
"897.51","1995-07-12T00:00:00.000","1995-07-12T00:00:00.000"
"895.84","1995-07-13T00:00:00.000","1995-07-13T00:00:00.000"
"892.82","1995-07-14T00:00:00.000","1995-07-14T00:00:00.000"
"893.36","1995-07-15T00:00:00.000","1995-07-17T00:00:00.000"
"891.76","1995-07-18T00:00:00.000","1995-07-18T00:00:00.000"
"894.03","1995-07-19T00:00:00.000","1995-07-19T00:00:00.000"
"894.5","1995-07-20T00:00:00.000","1995-07-20T00:00:00.000"
"894.5","1995-07-21T00:00:00.000","1995-07-21T00:00:00.000"
"894.98","1995-07-22T00:00:00.000","1995-07-24T00:00:00.000"
"896.68","1995-07-25T00:00:00.000","1995-07-25T00:00:00.000"
"897.32","1995-07-26T00:00:00.000","1995-07-26T00:00:00.000"
"897.77","1995-07-27T00:00:00.000","1995-07-27T00:00:00.000"
"895.56","1995-07-28T00:00:00.000","1995-07-28T00:00:00.000"
"897.63","1995-07-29T00:00:00.000","1995-07-31T00:00:00.000"
"898.35","1995-08-01T00:00:00.000","1995-08-01T00:00:00.000"
"900.78","1995-08-02T00:00:00.000","1995-08-02T00:00:00.000"
"905.53","1995-08-03T00:00:00.000","1995-08-03T00:00:00.000"
"917.53","1995-08-04T00:00:00.000","1995-08-04T00:00:00.000"
"916.14","1995-08-05T00:00:00.000","1995-08-07T00:00:00.000"
"916.14","1995-08-08T00:00:00.000","1995-08-08T00:00:00.000"
"920.1","1995-08-09T00:00:00.000","1995-08-09T00:00:00.000"
"919.32","1995-08-10T00:00:00.000","1995-08-10T00:00:00.000"
"917.13","1995-08-11T00:00:00.000","1995-08-11T00:00:00.000"
"919.13","1995-08-12T00:00:00.000","1995-08-14T00:00:00.000"
"922.21","1995-08-15T00:00:00.000","1995-08-15T00:00:00.000"
"928.25","1995-08-16T00:00:00.000","1995-08-16T00:00:00.000"
"944.55","1995-08-17T00:00:00.000","1995-08-17T00:00:00.000"
"947.22","1995-08-18T00:00:00.000","1995-08-18T00:00:00.000"
"946.83","1995-08-19T00:00:00.000","1995-08-21T00:00:00.000"
"946.83","1995-08-22T00:00:00.000","1995-08-22T00:00:00.000"
"949.51","1995-08-23T00:00:00.000","1995-08-23T00:00:00.000"
"955.12","1995-08-24T00:00:00.000","1995-08-24T00:00:00.000"
"962.6","1995-08-25T00:00:00.000","1995-08-25T00:00:00.000"
"970.65","1995-08-26T00:00:00.000","1995-08-28T00:00:00.000"
"972.03","1995-08-29T00:00:00.000","1995-08-29T00:00:00.000"
"963.93","1995-08-30T00:00:00.000","1995-08-30T00:00:00.000"
"960.19","1995-08-31T00:00:00.000","1995-08-31T00:00:00.000"
"949.35","1995-09-01T00:00:00.000","1995-09-01T00:00:00.000"
"948.23","1995-09-02T00:00:00.000","1995-09-04T00:00:00.000"
"957.54","1995-09-05T00:00:00.000","1995-09-05T00:00:00.000"
"958.46","1995-09-06T00:00:00.000","1995-09-06T00:00:00.000"
"953.63","1995-09-07T00:00:00.000","1995-09-07T00:00:00.000"
"954.64","1995-09-08T00:00:00.000","1995-09-08T00:00:00.000"
"958.31","1995-09-09T00:00:00.000","1995-09-11T00:00:00.000"
"958.59","1995-09-12T00:00:00.000","1995-09-12T00:00:00.000"
"959.18","1995-09-13T00:00:00.000","1995-09-13T00:00:00.000"
"959.15","1995-09-14T00:00:00.000","1995-09-14T00:00:00.000"
"960.25","1995-09-15T00:00:00.000","1995-09-15T00:00:00.000"
"960.91","1995-09-16T00:00:00.000","1995-09-18T00:00:00.000"
"962.5","1995-09-19T00:00:00.000","1995-09-19T00:00:00.000"
"970.08","1995-09-20T00:00:00.000","1995-09-20T00:00:00.000"
"974.88","1995-09-21T00:00:00.000","1995-09-21T00:00:00.000"
"974.23","1995-09-22T00:00:00.000","1995-09-22T00:00:00.000"
"975.9","1995-09-23T00:00:00.000","1995-09-25T00:00:00.000"
"977.35","1995-09-26T00:00:00.000","1995-09-26T00:00:00.000"
"980.54","1995-09-27T00:00:00.000","1995-09-27T00:00:00.000"
"981.09","1995-09-28T00:00:00.000","1995-09-28T00:00:00.000"
"972.8","1995-09-29T00:00:00.000","1995-09-29T00:00:00.000"
"966.78","1995-09-30T00:00:00.000","1995-10-02T00:00:00.000"
"971.22","1995-10-03T00:00:00.000","1995-10-03T00:00:00.000"
"976.76","1995-10-04T00:00:00.000","1995-10-04T00:00:00.000"
"972.75","1995-10-05T00:00:00.000","1995-10-05T00:00:00.000"
"972.93","1995-10-06T00:00:00.000","1995-10-06T00:00:00.000"
"979.16","1995-10-07T00:00:00.000","1995-10-09T00:00:00.000"
"982.84","1995-10-10T00:00:00.000","1995-10-10T00:00:00.000"
"981.45","1995-10-11T00:00:00.000","1995-10-11T00:00:00.000"
"981.26","1995-10-12T00:00:00.000","1995-10-12T00:00:00.000"
"984.88","1995-10-13T00:00:00.000","1995-10-13T00:00:00.000"
"987.0","1995-10-14T00:00:00.000","1995-10-16T00:00:00.000"
"987.0","1995-10-17T00:00:00.000","1995-10-17T00:00:00.000"
"990.52","1995-10-18T00:00:00.000","1995-10-18T00:00:00.000"
"991.22","1995-10-19T00:00:00.000","1995-10-19T00:00:00.000"
"991.52","1995-10-20T00:00:00.000","1995-10-20T00:00:00.000"
"988.96","1995-10-21T00:00:00.000","1995-10-23T00:00:00.000"
"991.98","1995-10-24T00:00:00.000","1995-10-24T00:00:00.000"
"993.68","1995-10-25T00:00:00.000","1995-10-25T00:00:00.000"
"994.77","1995-10-26T00:00:00.000","1995-10-26T00:00:00.000"
"995.01","1995-10-27T00:00:00.000","1995-10-27T00:00:00.000"
"994.99","1995-10-28T00:00:00.000","1995-10-30T00:00:00.000"
"994.5","1995-10-31T00:00:00.000","1995-10-31T00:00:00.000"
"996.76","1995-11-01T00:00:00.000","1995-11-01T00:00:00.000"
"996.96","1995-11-02T00:00:00.000","1995-11-02T00:00:00.000"
"998.18","1995-11-03T00:00:00.000","1995-11-03T00:00:00.000"
"998.49","1995-11-04T00:00:00.000","1995-11-06T00:00:00.000"
"998.49","1995-11-07T00:00:00.000","1995-11-07T00:00:00.000"
"999.51","1995-11-08T00:00:00.000","1995-11-08T00:00:00.000"
"999.73","1995-11-09T00:00:00.000","1995-11-09T00:00:00.000"
"1000.13","1995-11-10T00:00:00.000","1995-11-10T00:00:00.000"
"999.77","1995-11-11T00:00:00.000","1995-11-13T00:00:00.000"
"999.77","1995-11-14T00:00:00.000","1995-11-14T00:00:00.000"
"1001.14","1995-11-15T00:00:00.000","1995-11-15T00:00:00.000"
"1001.62","1995-11-16T00:00:00.000","1995-11-16T00:00:00.000"
"1002.25","1995-11-17T00:00:00.000","1995-11-17T00:00:00.000"
"1002.63","1995-11-18T00:00:00.000","1995-11-20T00:00:00.000"
"1003.44","1995-11-21T00:00:00.000","1995-11-21T00:00:00.000"
"1003.47","1995-11-22T00:00:00.000","1995-11-22T00:00:00.000"
"1002.49","1995-11-23T00:00:00.000","1995-11-23T00:00:00.000"
"1001.23","1995-11-24T00:00:00.000","1995-11-24T00:00:00.000"
"1000.69","1995-11-25T00:00:00.000","1995-11-27T00:00:00.000"
"1003.24","1995-11-28T00:00:00.000","1995-11-28T00:00:00.000"
"1001.73","1995-11-29T00:00:00.000","1995-11-29T00:00:00.000"
"998.16","1995-11-30T00:00:00.000","1995-11-30T00:00:00.000"
"998.15","1995-12-01T00:00:00.000","1995-12-01T00:00:00.000"
"997.87","1995-12-02T00:00:00.000","1995-12-04T00:00:00.000"
